<application>
  <component name="ProjectJdkTable">
    <jdk version="2">
      <name value="Python 3.6" />
      <type value="Python SDK" />
      <version value="Python 3.6.5" />
      <homePath value="D:\Anaconda\python.exe" />
      <roots>
        <classPath>
          <root type="composite">
            <root url="file://D:/Anaconda/DLLs" type="simple" />
            <root url="file://D:/Anaconda/Lib" type="simple" />
            <root url="file://D:/Anaconda" type="simple" />
            <root url="file://D:/Anaconda/Lib/site-packages" type="simple" />
            <root url="file://D:/Anaconda/Lib/site-packages/win32" type="simple" />
            <root url="file://D:/Anaconda/Lib/site-packages/win32/lib" type="simple" />
            <root url="file://D:/Anaconda/Lib/site-packages/pythonwin" type="simple" />
            <root url="file://$USER_HOME$/.PyCharm2018.3/system/python_stubs/1310655275" type="simple" />
            <root url="file://$APPLICATION_HOME_DIR$/helpers/python-skeletons" type="simple" />
            <root url="file://$APPLICATION_HOME_DIR$/helpers/typeshed/stdlib/3" type="simple" />
            <root url="file://$APPLICATION_HOME_DIR$/helpers/typeshed/stdlib/2and3" type="simple" />
            <root url="file://$APPLICATION_HOME_DIR$/helpers/typeshed/third_party/3" type="simple" />
            <root url="file://$APPLICATION_HOME_DIR$/helpers/typeshed/third_party/2and3" type="simple" />
          </root>
        </classPath>
        <sourcePath>
          <root type="composite" />
        </sourcePath>
      </roots>
      <additional />
    </jdk>
    <jdk version="2">
      <name value="Python 3.5 (django-realworld-example-app)" />
      <type value="Python SDK" />
      <version value="Python 3.5.6" />
      <homePath value="D:\Anaconda\envs\env_oldboy\python.exe" />
      <roots>
        <classPath>
          <root type="composite">
            <root url="file://D:/Anaconda/envs/env_oldboy/DLLs" type="simple" />
            <root url="file://D:/Anaconda/envs/env_oldboy/Lib" type="simple" />
            <root url="file://D:/Anaconda/envs/env_oldboy" type="simple" />
            <root url="file://D:/Anaconda/envs/env_oldboy/Lib/site-packages" type="simple" />
            <root url="file://$USER_HOME$/.PyCharm2018.3/system/python_stubs/-136744902" type="simple" />
            <root url="file://$APPLICATION_HOME_DIR$/helpers/python-skeletons" type="simple" />
            <root url="file://$APPLICATION_HOME_DIR$/helpers/typeshed/stdlib/3" type="simple" />
            <root url="file://$APPLICATION_HOME_DIR$/helpers/typeshed/stdlib/2and3" type="simple" />
            <root url="file://$APPLICATION_HOME_DIR$/helpers/typeshed/third_party/3" type="simple" />
            <root url="file://$APPLICATION_HOME_DIR$/helpers/typeshed/third_party/2and3" type="simple" />
          </root>
        </classPath>
        <sourcePath>
          <root type="composite" />
        </sourcePath>
      </roots>
      <additional ASSOCIATED_PROJECT_PATH="D:/py/django-realworld-example-app" />
    </jdk>
  </component>
</application>