<application>
  <component name="PropertiesComponent">
    <property name="CommitChangeListDialog.DETAILS_SPLITTER_PROPORTION_2" value="0.6073501" />
    <property name="Copy.OpenInEditor" value="true" />
    <property name="ExpandBeforeRunStepsPanel" value="true" />
    <property name="ExpandRunDashboardTypesPanel" value="false" />
    <property name="FileTemplates.SelectedTemplate" value="HTML File" />
    <property name="PACKAGE_FILTER" value="virtualenv&#10;djangorestframework&#10;djan&#10;corsheaders&#10;django" />
    <property name="PyCharm.InitialConfiguration" value="true" />
    <property name="PyCharm.InitialConfiguration.V2" value="true" />
    <property name="PyCharm.InitialConfiguration.V3" value="true" />
    <property name="PyCharm.InitialConfiguration.V4" value="true" />
    <property name="PyCharm.InitialConfiguration.V5" value="true" />
    <property name="PyCharm.InitialConfiguration.V6" value="true" />
    <property name="PyCharm.InitialConfiguration.V7" value="true" />
    <property name="PyCharm.initialConfigurationShown" value="true" />
    <property name="TrendingPluginsSearchHistory" value="ui" />
    <property name="evlsprt3.183" value="14" />
    <property name="file.chooser.recent.files" value="D:/py/django-realworld-example-app&#10;C:/Windows/System32/WindowsPowerShell/v1.0/powershell.exe&#10;D:/Anaconda/envs/env_oldboy/python.exe&#10;F:/py/spider/pic-netbian&#10;F:/py/spider/rsl&#10;F:/py/spider/rsl/rsl&#10;F:/py/spider/proxy_pool" />
    <property name="file.gist.reindex.count" value="50169" />
    <property name="fileTypeChangedCounter" value="1" />
    <property name="lastTip" value="9" />
    <property name="mt.showStatisticsAgreement" value="true" />
    <property name="ts.lib.d.ts.version" value="3.2.1" />
  </component>
  <component name="PyTestFrameworkService">
    <option name="SDK_TO_PYTEST">
      <map>
        <entry key="D:\Anaconda\envs\env_oldboy\python.exe" value="false" />
        <entry key="D:\Anaconda\python.exe" value="true" />
      </map>
    </option>
    <option name="SDK_TO_NOSETEST">
      <map>
        <entry key="D:\Anaconda\envs\env_oldboy\python.exe" value="false" />
        <entry key="D:\Anaconda\python.exe" value="true" />
      </map>
    </option>
    <option name="SDK_TO_TRIALTEST">
      <map>
        <entry key="D:\Anaconda\envs\env_oldboy\python.exe" value="false" />
        <entry key="D:\Anaconda\python.exe" value="true" />
      </map>
    </option>
  </component>
</application>